,CB,well,plate,cds,utr3,utr5,cds_frac,cell_total,fraction,seurat_clusters,UMAP_1,UMAP_2
HEK293T-Starv1_AACCACGTCA,AACCACGTCA,M6,HEK293T-Starv1,7417,447,803,0.855774778,8667,Arg6h,0,3.400232605,-0.48245263
HEK293T-Starv1_AACCGTAACA,AACCGTAACA,D11,HEK293T-Starv1,7411,524,534,0.875073799,8469,Leu3h,1,-3.603867956,-1.694646835
HEK293T-Starv1_AACCTAGACG,AACCTAGACG,P5,HEK293T-Starv1,14252,751,1319,0.873177307,16322,Arg3h,1,-4.94192452,-0.750750303
HEK293T-Starv1_AACGCGGTAG,AACGCGGTAG,O7,HEK293T-Starv1,14512,605,1174,0.8907986,16291,Arg6h,0,4.527219109,-0.822223424
HEK293T-Starv1_AACTCTACCG,AACTCTACCG,D14,HEK293T-Starv1,2541,363,340,0.783292232,3244,Leu3h,0,-0.060542889,-1.761377572
HEK293T-Starv1_AAGTGTGCTA,AAGTGTGCTA,B16,HEK293T-Starv1,3355,491,476,0.77626099,4322,Leu6h,0,1.203945212,-0.14802122
HEK293T-Starv1_AAGTTCAGGA,AAGTTCAGGA,B23,HEK293T-Starv1,18473,797,1065,0.908433735,20335,Rich,2,-2.453481622,3.074248553
HEK293T-Starv1_AATATGCCAG,AATATGCCAG,A9,HEK293T-Starv1,5211,356,403,0.872864322,5970,Arg6h,2,-2.325563856,0.745763362
HEK293T-Starv1_AATCTGTTGG,AATCTGTTGG,L11,HEK293T-Starv1,2572,330,327,0.796531434,3229,Leu3h,0,0.445361487,-1.308760642
HEK293T-Starv1_ACACTAGCAT,ACACTAGCAT,D4,HEK293T-Starv1,4637,452,611,0.813508772,5700,Arg3h,0,2.173605554,-1.35599327
HEK293T-Starv1_ACAGAGACCG,ACAGAGACCG,N13,HEK293T-Starv1,4423,759,437,0.787150739,5619,Leu3h,3,-1.204749056,-2.091502189
HEK293T-Starv1_ACAGATCTCA,ACAGATCTCA,I5,HEK293T-Starv1,3268,513,522,0.759470137,4303,Arg3h,0,1.644961349,-0.997212648
HEK293T-Starv1_ACATCGGTGT,ACATCGGTGT,P23,HEK293T-Starv1,7277,272,472,0.907243486,8021,Rich,2,-1.608382412,3.238908649
HEK293T-Starv1_ACATGAGCCA,ACATGAGCCA,A12,HEK293T-Starv1,34895,1940,2263,0.892500895,39098,Leu3h,0,5.162974409,1.105917752
HEK293T-Starv1_ACCGGCCTTA,ACCGGCCTTA,K9,HEK293T-Starv1,4998,465,488,0.839858847,5951,Arg6h,0,2.964894227,-0.560616016
HEK293T-Starv1_ACGAACCAAG,ACGAACCAAG,C11,HEK293T-Starv1,2356,355,376,0.763200518,3087,Leu3h,3,-0.807972856,-1.990772247
HEK293T-Starv1_ACGAACCTTA,ACGAACCTTA,L15,HEK293T-Starv1,7604,509,592,0.873520965,8705,Leu3h,1,-4.60495276,-0.518423318
HEK293T-Starv1_ACGAAGCGAT,ACGAAGCGAT,H12,HEK293T-Starv1,2864,389,390,0.786165248,3643,Leu3h,3,-1.269511409,-1.850930213
HEK293T-Starv1_ACGGCTTCTC,ACGGCTTCTC,C6,HEK293T-Starv1,6467,428,489,0.875812568,7384,Arg6h,0,3.854667239,-1.143000364
HEK293T-Starv1_ACGTACAAGA,ACGTACAAGA,P7,HEK293T-Starv1,13358,1296,1532,0.825281107,16186,Arg6h,1,-4.890691705,-1.624545335
HEK293T-Starv1_ACGTATCTTG,ACGTATCTTG,E6,HEK293T-Starv1,12245,676,1119,0.872150997,14040,Arg6h,1,-5.011313387,-0.369673967
HEK293T-Starv1_ACGTGGAATT,ACGTGGAATT,N15,HEK293T-Starv1,6455,351,539,0.878829135,7345,Leu3h,0,2.971959285,-1.034307241
HEK293T-Starv1_ACTTCACATC,ACTTCACATC,L23,HEK293T-Starv1,12688,539,721,0.909664468,13948,Rich,0,5.30110126,0.756329179
HEK293T-Starv1_AGAACAATCG,AGAACAATCG,N1,HEK293T-Starv1,2444,289,359,0.790426908,3092,Arg3h,0,1.740119539,-0.964540958
HEK293T-Starv1_AGAAGGTACT,AGAAGGTACT,H19,HEK293T-Starv1,16453,766,1150,0.895693832,18369,Leu6h,2,-1.833319135,2.550221623
HEK293T-Starv1_AGACGAGTCT,AGACGAGTCT,K14,HEK293T-Starv1,18396,972,1245,0.892446514,20613,Leu3h,0,2.55516272,2.298037649
HEK293T-Starv1_AGACGCAAGA,AGACGCAAGA,I23,HEK293T-Starv1,17585,577,1132,0.91142324,19294,Rich,2,-3.605882116,1.142700077
HEK293T-Starv1_AGAGAGTGGT,AGAGAGTGGT,G3,HEK293T-Starv1,10471,606,1088,0.860748048,12165,Arg3h,1,-4.999338098,-1.938982963
HEK293T-Starv1_AGATGGCTTC,AGATGGCTTC,K22,HEK293T-Starv1,5381,1159,619,0.751641291,7159,Rich,0,0.981713675,-2.440339565
HEK293T-Starv1_AGATGTGCGC,AGATGTGCGC,L13,HEK293T-Starv1,11083,584,884,0.883037208,12551,Leu3h,0,4.375422768,1.555379272
HEK293T-Starv1_AGCATGGCAT,AGCATGGCAT,I2,HEK293T-Starv1,4011,187,380,0.876146789,4578,Arg3h,0,4.099739603,-0.788649082
HEK293T-Starv1_AGTCCAGTGA,AGTCCAGTGA,C22,HEK293T-Starv1,7950,472,625,0.878744335,9047,Rich,2,-2.184712358,1.586094939
HEK293T-Starv1_AGTTACGCAT,AGTTACGCAT,P17,HEK293T-Starv1,15967,827,1117,0.891463347,17911,Leu6h,0,5.360161833,1.756073934
HEK293T-Starv1_AGTTATGAGG,AGTTATGAGG,H5,HEK293T-Starv1,2907,323,337,0.814970563,3567,Arg3h,0,1.422378592,-1.350576639
HEK293T-Starv1_AGTTGTGATC,AGTTGTGATC,I10,HEK293T-Starv1,6373,694,651,0.825732055,7718,Arg6h,0,3.420681767,-0.507257461
HEK293T-Starv1_ATAAGGTGAC,ATAAGGTGAC,J21,HEK293T-Starv1,1943,197,240,0.816386555,2380,Rich,2,-1.165391632,1.256214917
HEK293T-Starv1_ATCCTAACAG,ATCCTAACAG,P19,HEK293T-Starv1,25668,1729,1886,0.876549534,29283,Leu6h,0,2.691377334,2.498854757
HEK293T-Starv1_ATCGAAGAGC,ATCGAAGAGC,H2,HEK293T-Starv1,16563,753,1277,0.890819125,18593,Arg3h,0,4.64934545,-0.498440265
HEK293T-Starv1_ATCGCAGTGT,ATCGCAGTGT,N6,HEK293T-Starv1,5074,235,516,0.871072961,5825,Arg6h,1,-4.095487543,-0.121846437
HEK293T-Starv1_ATGAGTCTGT,ATGAGTCTGT,F14,HEK293T-Starv1,9618,418,736,0.892870405,10772,Leu3h,1,-3.630955167,-1.925768375
HEK293T-Starv1_ATGCTTGGTC,ATGCTTGGTC,C23,HEK293T-Starv1,2842,430,481,0.757260858,3753,Rich,0,0.802070073,-1.218120813
HEK293T-Starv1_ATGGCGGATT,ATGGCGGATT,G12,HEK293T-Starv1,13279,649,985,0.890431167,14913,Leu3h,2,-3.600407072,2.208047689
HEK293T-Starv1_ATGTCGTACT,ATGTCGTACT,H13,HEK293T-Starv1,8561,707,759,0.853794754,10027,Leu3h,0,3.142409376,1.79644587
HEK293T-Starv1_ATTCACGCTA,ATTCACGCTA,O14,HEK293T-Starv1,8466,642,517,0.879584416,9625,Leu3h,2,-1.545121618,3.018771887
HEK293T-Starv1_ATTGATGGCG,ATTGATGGCG,D20,HEK293T-Starv1,2922,401,467,0.770976253,3790,Leu6h,2,-0.44063396,1.929135875
HEK293T-Starv1_CAACTGTCAT,CAACTGTCAT,L16,HEK293T-Starv1,3799,454,391,0.818044789,4644,Leu6h,0,1.889307014,-0.629148244
HEK293T-Starv1_CAAGAGGAGG,CAAGAGGAGG,G9,HEK293T-Starv1,3087,125,222,0.89895166,3434,Arg6h,0,1.626061983,-1.907633781
HEK293T-Starv1_CAATCCTAGA,CAATCCTAGA,O13,HEK293T-Starv1,11934,477,779,0.904776346,13190,Leu3h,2,-3.766164251,1.765684672
HEK293T-Starv1_CAATCTGTGT,CAATCTGTGT,M2,HEK293T-Starv1,9219,556,795,0.87218543,10570,Arg3h,0,2.721684865,1.001758815
HEK293T-Starv1_CACGCAAGTC,CACGCAAGTC,C12,HEK293T-Starv1,2585,443,401,0.7538641,3429,Leu3h,0,0.726550691,-1.471516132
HEK293T-Starv1_CACTTAGGTA,CACTTAGGTA,A5,HEK293T-Starv1,8841,612,960,0.84903486,10413,Arg3h,1,-4.848603674,-0.075897455
HEK293T-Starv1_CAGAACTTAG,CAGAACTTAG,H3,HEK293T-Starv1,2038,178,278,0.817161187,2494,Arg3h,3,-2.054409929,-2.282796382
HEK293T-Starv1_CAGACCTACG,CAGACCTACG,O22,HEK293T-Starv1,6760,173,362,0.926662097,7295,Rich,2,-2.303806492,1.270022572
HEK293T-Starv1_CAGATGTTAC,CAGATGTTAC,I17,HEK293T-Starv1,12651,690,925,0.886793775,14266,Leu6h,1,-4.073153444,-0.512906551
HEK293T-Starv1_CAGGCCATGT,CAGGCCATGT,E5,HEK293T-Starv1,9446,651,886,0.860056451,10983,Arg3h,1,-4.521005102,-0.149976849
HEK293T-Starv1_CATGCAGAGT,CATGCAGAGT,O5,HEK293T-Starv1,16157,834,1291,0.883765452,18282,Arg3h,2,-2.015807815,2.473531724
HEK293T-Starv1_CATGCCTGAC,CATGCCTGAC,M16,HEK293T-Starv1,2644,391,386,0.772873429,3421,Leu6h,0,1.126487665,-0.282225489
HEK293T-Starv1_CATTCAGGAG,CATTCAGGAG,G19,HEK293T-Starv1,14644,653,875,0.905515706,16172,Leu6h,0,4.646303706,1.961938352
HEK293T-Starv1_CATTGACGGC,CATTGACGGC,F16,HEK293T-Starv1,2246,339,400,0.752428811,2985,Leu6h,3,-1.188135095,-1.503342389
HEK293T-Starv1_CATTGAGTTC,CATTGAGTTC,G13,HEK293T-Starv1,10242,676,787,0.875010679,11705,Leu3h,1,-3.572663255,-2.642283439
HEK293T-Starv1_CCAAGAGGAT,CCAAGAGGAT,J17,HEK293T-Starv1,10577,428,697,0.903862588,11702,Leu6h,2,-2.794156976,1.573514999
HEK293T-Starv1_CCAATAGATC,CCAATAGATC,E18,HEK293T-Starv1,3601,211,226,0.891778108,4038,Leu6h,3,-1.092005678,-1.744788408
HEK293T-Starv1_CCAATCCAGG,CCAATCCAGG,E2,HEK293T-Starv1,6673,245,548,0.893785159,7466,Arg3h,2,-3.33419127,1.832381234
HEK293T-Starv1_CCAGTGTACG,CCAGTGTACG,C14,HEK293T-Starv1,4961,611,614,0.801972195,6186,Leu3h,0,1.442825079,2.015019596
HEK293T-Starv1_CCATCGCATT,CCATCGCATT,I20,HEK293T-Starv1,25909,1547,1936,0.881498367,29392,Leu6h,2,-1.442623325,3.198372246
HEK293T-Starv1_CCGACAAGGA,CCGACAAGGA,M20,HEK293T-Starv1,7594,606,612,0.861779392,8812,Leu6h,0,2.740067772,-0.361681461
HEK293T-Starv1_CCGGATTATG,CCGGATTATG,M14,HEK293T-Starv1,9077,373,642,0.899425287,10092,Leu3h,2,-2.197806068,2.225258768
HEK293T-Starv1_CCGGTCATGA,CCGGTCATGA,L7,HEK293T-Starv1,12774,660,1004,0.88474858,14438,Arg6h,0,3.989087633,1.209720106
HEK293T-Starv1_CCGTGAGAAC,CCGTGAGAAC,N23,HEK293T-Starv1,12777,431,842,0.909395018,14050,Rich,1,-3.428963609,0.484349848
HEK293T-Starv1_CCTAGGCGAT,CCTAGGCGAT,I13,HEK293T-Starv1,14314,803,955,0.890617222,16072,Leu3h,1,-4.108807035,-2.938533782
HEK293T-Starv1_CCTCTTCAAG,CCTCTTCAAG,B20,HEK293T-Starv1,2861,355,420,0.786853685,3636,Leu6h,2,-2.139415689,0.871222676
HEK293T-Starv1_CCTGACTCTT,CCTGACTCTT,M18,HEK293T-Starv1,13958,617,895,0.902262443,15470,Leu6h,1,-3.971876093,-2.800138473
HEK293T-Starv1_CCTGTCTAGA,CCTGTCTAGA,J16,HEK293T-Starv1,7980,458,572,0.885682575,9010,Leu6h,1,-3.111626096,-2.501164913
HEK293T-Starv1_CCTGTGGTTC,CCTGTGGTTC,J23,HEK293T-Starv1,2837,289,324,0.822318841,3450,Rich,0,0.895261816,-0.960709094
HEK293T-Starv1_CGACCAGTGT,CGACCAGTGT,D21,HEK293T-Starv1,10209,381,701,0.904171464,11291,Rich,2,-2.408549257,1.770929799
HEK293T-Starv1_CGAGTAATGT,CGAGTAATGT,A19,HEK293T-Starv1,8740,450,736,0.880515817,9926,Leu6h,0,4.732672743,1.555081398
HEK293T-Starv1_CGAGTTGCTT,CGAGTTGCTT,L22,HEK293T-Starv1,7294,317,418,0.908456844,8029,Rich,0,2.390967063,-2.089683532
HEK293T-Starv1_CGATACTGAA,CGATACTGAA,K21,HEK293T-Starv1,3553,513,631,0.756440281,4697,Rich,0,0.632648281,-1.002772092
HEK293T-Starv1_CGCTCTAGAT,CGCTCTAGAT,N20,HEK293T-Starv1,2501,346,357,0.780586767,3204,Leu6h,0,1.385844835,-0.726277828
HEK293T-Starv1_CGGCTGTTAG,CGGCTGTTAG,F12,HEK293T-Starv1,8557,429,540,0.898278396,9526,Leu3h,1,-2.859429308,-0.596312522
HEK293T-Starv1_CGGTATATGC,CGGTATATGC,O11,HEK293T-Starv1,9175,386,629,0.900392542,10190,Leu3h,1,-4.19347281,-2.498841762
HEK293T-Starv1_CGTATCGATT,CGTATCGATT,M12,HEK293T-Starv1,15387,879,1084,0.88685879,17350,Leu3h,0,4.815787367,1.790041127
HEK293T-Starv1_CGTCGCATCT,CGTCGCATCT,B21,HEK293T-Starv1,2506,252,511,0.766595289,3269,Rich,0,0.564798467,-2.078572511
HEK293T-Starv1_CGTGTTACCG,CGTGTTACCG,G21,HEK293T-Starv1,3521,307,330,0.846801347,4158,Rich,0,1.385193233,-2.498568534
HEK293T-Starv1_CGTTGTTGCG,CGTTGTTGCG,H22,HEK293T-Starv1,2338,203,326,0.815486571,2867,Rich,3,-1.809984155,-0.765085458
HEK293T-Starv1_CTAATCGCGG,CTAATCGCGG,E15,HEK293T-Starv1,8820,449,598,0.89388872,9867,Leu3h,1,-4.47992272,-1.371779203
HEK293T-Starv1_CTATCGCGCT,CTATCGCGCT,O17,HEK293T-Starv1,5168,327,344,0.885083062,5839,Leu6h,3,-2.471516557,-0.972703218
HEK293T-Starv1_CTCCTAATCT,CTCCTAATCT,J12,HEK293T-Starv1,11402,504,829,0.895327837,12735,Leu3h,2,-2.925542303,1.591282532
HEK293T-Starv1_CTCGTGTAGC,CTCGTGTAGC,K8,HEK293T-Starv1,4591,380,505,0.838385683,5476,Arg6h,1,-3.880238004,-0.151392221
HEK293T-Starv1_CTCTAGCCGT,CTCTAGCCGT,O3,HEK293T-Starv1,15373,674,1424,0.879915288,17471,Arg3h,0,4.9673739,0.659224153
HEK293T-Starv1_CTGATCTTGT,CTGATCTTGT,O6,HEK293T-Starv1,6073,284,364,0.903585776,6721,Arg6h,2,-1.704559513,2.098375112
HEK293T-Starv1_CTGATTAGTG,CTGATTAGTG,M23,HEK293T-Starv1,29298,830,1803,0.917540948,31931,Rich,2,-2.70648665,2.688188494
HEK293T-Starv1_CTGCGTCGAA,CTGCGTCGAA,J11,HEK293T-Starv1,14431,831,1003,0.887242545,16265,Leu3h,0,3.145528488,2.361031891
HEK293T-Starv1_CTGTACCAGG,CTGTACCAGG,D16,HEK293T-Starv1,5648,302,418,0.886934673,6368,Leu6h,0,2.155646793,-0.259272813
HEK293T-Starv1_CTTAACGACA,CTTAACGACA,A17,HEK293T-Starv1,11700,634,785,0.891836268,13119,Leu6h,0,2.669985346,2.162864209
HEK293T-Starv1_CTTAGCAGGC,CTTAGCAGGC,K7,HEK293T-Starv1,6221,472,557,0.858068966,7250,Arg6h,0,3.810998968,-0.705272674
HEK293T-Starv1_CTTCTGATCG,CTTCTGATCG,M5,HEK293T-Starv1,16050,777,1410,0.88007896,18237,Arg3h,2,-3.79261107,2.134155781
HEK293T-Starv1_GAACATTGGC,GAACATTGGC,C2,HEK293T-Starv1,5936,358,436,0.882020802,6730,Arg3h,0,4.733407072,0.576176644
HEK293T-Starv1_GAACCAAGCG,GAACCAAGCG,B19,HEK293T-Starv1,2444,454,354,0.751537515,3252,Leu6h,0,0.541654221,-1.116858959
HEK293T-Starv1_GACATATCGG,GACATATCGG,E19,HEK293T-Starv1,3410,106,143,0.93194862,3659,Leu6h,3,-1.910283514,-1.572435855
HEK293T-Starv1_GACGATAGTG,GACGATAGTG,O2,HEK293T-Starv1,16307,853,1529,0.872545348,18689,Arg3h,0,3.045740299,2.546352745
HEK293T-Starv1_GACGTTACTT,GACGTTACTT,I3,HEK293T-Starv1,13492,456,906,0.908307527,14854,Arg3h,0,5.036085419,0.129969121
HEK293T-Starv1_GACTCTGGTT,GACTCTGGTT,L18,HEK293T-Starv1,5701,279,498,0.880055573,6478,Leu6h,3,-2.383249469,-2.513904094
HEK293T-Starv1_GACTGTACGG,GACTGTACGG,P16,HEK293T-Starv1,2877,251,248,0.852191943,3376,Leu6h,3,-0.95340056,-1.397355317
HEK293T-Starv1_GAGTAACGTG,GAGTAACGTG,J13,HEK293T-Starv1,13318,707,1009,0.88585872,15034,Leu3h,1,-3.624676653,-1.740659713
HEK293T-Starv1_GAGTCCTGTG,GAGTCCTGTG,M4,HEK293T-Starv1,5023,337,475,0.86083976,5835,Arg3h,0,2.486827545,-1.719270706
HEK293T-Starv1_GAGTGTCTAG,GAGTGTCTAG,E4,HEK293T-Starv1,24352,1231,2047,0.88136084,27630,Arg3h,2,-1.67303557,3.291787744
HEK293T-Starv1_GAGTTGCATA,GAGTTGCATA,D3,HEK293T-Starv1,5573,446,718,0.827222799,6737,Arg3h,1,-3.982059427,-0.028530001
HEK293T-Starv1_GAGTTGTTCA,GAGTTGTTCA,G15,HEK293T-Starv1,13425,687,877,0.895656815,14989,Leu3h,1,-3.388446279,0.270265461
HEK293T-Starv1_GATCACTGGT,GATCACTGGT,L3,HEK293T-Starv1,15529,656,1160,0.89530124,17345,Arg3h,1,-4.454293676,-1.697858094
HEK293T-Starv1_GATTCCTTAC,GATTCCTTAC,H23,HEK293T-Starv1,24563,958,1250,0.917522692,26771,Rich,2,-3.501944967,1.353481651
HEK293T-Starv1_GCACCACCAT,GCACCACCAT,F23,HEK293T-Starv1,10502,379,619,0.913217391,11500,Rich,2,-3.445939012,0.796210468
HEK293T-Starv1_GCACCATGAA,GCACCATGAA,H7,HEK293T-Starv1,13307,683,1107,0.881433397,15097,Arg6h,0,4.889475397,0.435462237
HEK293T-Starv1_GCAGCGTTAG,GCAGCGTTAG,H18,HEK293T-Starv1,5994,498,484,0.859231651,6976,Leu6h,3,-2.360054918,-1.388803243
HEK293T-Starv1_GCAGTGAAGT,GCAGTGAAGT,O9,HEK293T-Starv1,5620,482,567,0.842705053,6669,Arg6h,0,3.322775177,-0.960577726
HEK293T-Starv1_GCATTATAGG,GCATTATAGG,H21,HEK293T-Starv1,3447,639,435,0.762441938,4521,Rich,0,1.261181384,-1.861338615
HEK293T-Starv1_GCCAATACAT,GCCAATACAT,K16,HEK293T-Starv1,7405,413,594,0.880290062,8412,Leu6h,1,-3.221587129,-0.164769053
HEK293T-Starv1_GCCATAGAAT,GCCATAGAAT,I4,HEK293T-Starv1,16009,806,1110,0.893110181,17925,Arg3h,0,4.882376723,1.631795422
HEK293T-Starv1_GCGAGGTTCT,GCGAGGTTCT,A13,HEK293T-Starv1,17067,1119,1125,0.8837968,19311,Leu3h,0,3.810460619,1.835893408
HEK293T-Starv1_GCGATAGGCA,GCGATAGGCA,P11,HEK293T-Starv1,9589,587,644,0.886229205,10820,Leu3h,1,-3.796542116,-3.064295768
HEK293T-Starv1_GCGATGCCAA,GCGATGCCAA,H11,HEK293T-Starv1,2508,369,419,0.76092233,3296,Leu3h,3,-1.139036127,-0.722736835
HEK293T-Starv1_GCGCTAGAGA,GCGCTAGAGA,H10,HEK293T-Starv1,11160,567,760,0.893729479,12487,Arg6h,0,3.661568217,-1.330892085
HEK293T-Starv1_GCGTGAGCAT,GCGTGAGCAT,M3,HEK293T-Starv1,6830,548,581,0.858148009,7959,Arg3h,0,2.799973063,-1.331379413
HEK293T-Starv1_GCTACAACGA,GCTACAACGA,G14,HEK293T-Starv1,2461,221,270,0.833672087,2952,Leu3h,3,-1.008834549,-1.171937465
HEK293T-Starv1_GTAACGTTCA,GTAACGTTCA,C17,HEK293T-Starv1,1956,309,337,0.751729439,2602,Leu6h,0,0.600598328,-1.566504001
HEK293T-Starv1_GTAAGGTAGT,GTAAGGTAGT,O12,HEK293T-Starv1,15665,597,983,0.90837924,17245,Leu3h,0,3.998862318,1.31896177
HEK293T-Starv1_GTACTCCGTC,GTACTCCGTC,J15,HEK293T-Starv1,3688,330,392,0.836281179,4410,Leu3h,3,-1.393214889,-1.904843807
HEK293T-Starv1_GTATGCCTAT,GTATGCCTAT,H6,HEK293T-Starv1,4374,226,484,0.860346184,5084,Arg6h,1,-3.882032343,-0.238416671
HEK293T-Starv1_GTCTTGGAAT,GTCTTGGAAT,M19,HEK293T-Starv1,8540,522,671,0.877427309,9733,Leu6h,2,-1.802688547,1.809952848
HEK293T-Starv1_GTGCTAGATC,GTGCTAGATC,P4,HEK293T-Starv1,6345,521,642,0.845098562,7508,Arg3h,1,-3.763876863,-0.577202558
HEK293T-Starv1_GTGTTCACGT,GTGTTCACGT,I12,HEK293T-Starv1,16537,842,1260,0.88722571,18639,Leu3h,2,-1.097928949,3.197314621
HEK293T-Starv1_GTGTTCTGTT,GTGTTCTGTT,K2,HEK293T-Starv1,8292,406,697,0.882597126,9395,Arg3h,0,4.13166862,-0.956033229
HEK293T-Starv1_GTTAGCACAA,GTTAGCACAA,O4,HEK293T-Starv1,13947,705,1331,0.872614653,15983,Arg3h,0,3.925035529,0.689812542
HEK293T-Starv1_GTTAGCTTAG,GTTAGCTTAG,L19,HEK293T-Starv1,3166,165,313,0.868825467,3644,Leu6h,1,-2.610594936,-1.093691348
HEK293T-Starv1_GTTCATTGCG,GTTCATTGCG,N2,HEK293T-Starv1,7924,427,513,0.893953069,8864,Arg3h,0,3.270578079,-1.105530977
HEK293T-Starv1_GTTCTAATGG,GTTCTAATGG,D5,HEK293T-Starv1,5195,365,495,0.857968621,6055,Arg3h,0,2.567950539,1.086338103
HEK293T-Starv1_GTTCTATGTC,GTTCTATGTC,N19,HEK293T-Starv1,2328,239,251,0.826117814,2818,Leu6h,0,0.844924323,-0.44668579
HEK293T-Starv1_TAACCAGATC,TAACCAGATC,H17,HEK293T-Starv1,2659,422,368,0.770948101,3449,Leu6h,0,0.139824085,-0.678447961
HEK293T-Starv1_TAAGACAGCA,TAAGACAGCA,D19,HEK293T-Starv1,2253,373,331,0.761920866,2957,Leu6h,3,-0.542528816,-0.331647157
HEK293T-Starv1_TAAGCCTCTA,TAAGCCTCTA,M13,HEK293T-Starv1,21987,1231,1536,0.888220086,24754,Leu3h,0,3.226702861,2.466370404
HEK293T-Starv1_TAGAAGCCAT,TAGAAGCCAT,A4,HEK293T-Starv1,9365,665,819,0.863213199,10849,Arg3h,2,-2.459774681,2.267280281
HEK293T-Starv1_TAGAGTGTCT,TAGAGTGTCT,P14,HEK293T-Starv1,8414,483,671,0.879389632,9568,Leu3h,2,-2.747291513,1.839790077
HEK293T-Starv1_TAGTGAGTCG,TAGTGAGTCG,F1,HEK293T-Starv1,4743,283,534,0.853057554,5560,Arg3h,0,3.477171234,-0.21045947
HEK293T-Starv1_TATCTTCTCG,TATCTTCTCG,K18,HEK293T-Starv1,10173,606,865,0.873668842,11644,Leu6h,0,3.249907545,-0.058772563
HEK293T-Starv1_TCAAGATGCG,TCAAGATGCG,P22,HEK293T-Starv1,2707,334,311,0.807577566,3352,Rich,0,1.388730805,-2.325256347
HEK293T-Starv1_TCAATTGACG,TCAATTGACG,I22,HEK293T-Starv1,20015,734,1239,0.910269238,21988,Rich,1,-3.61055512,0.522572876
HEK293T-Starv1_TCACGGATGA,TCACGGATGA,J18,HEK293T-Starv1,2871,235,334,0.834593023,3440,Leu6h,3,-1.924807258,-2.330390453
HEK293T-Starv1_TCATGGTACT,TCATGGTACT,F6,HEK293T-Starv1,11136,549,937,0.882269054,12622,Arg6h,0,4.49601274,0.055181862
HEK293T-Starv1_TCCAACACCG,TCCAACACCG,I11,HEK293T-Starv1,6679,373,523,0.881716172,7575,Leu3h,2,-2.285896488,2.850141407
HEK293T-Starv1_TCCACTGTTG,TCCACTGTTG,A16,HEK293T-Starv1,2315,382,362,0.756783263,3059,Leu6h,3,-0.734763094,-1.741741895
HEK293T-Starv1_TCCGAATAAG,TCCGAATAAG,G5,HEK293T-Starv1,7979,452,624,0.881170624,9055,Arg3h,0,4.358492188,-1.237886905
HEK293T-Starv1_TCCGATGGTT,TCCGATGGTT,P20,HEK293T-Starv1,14607,793,1022,0.88947753,16422,Leu6h,1,-4.497071214,-2.197892427
HEK293T-Starv1_TCCTACCATA,TCCTACCATA,N3,HEK293T-Starv1,3619,381,335,0.834832757,4335,Arg3h,3,-1.807921358,-2.468412399
HEK293T-Starv1_TCCTCGAGCT,TCCTCGAGCT,A18,HEK293T-Starv1,2431,112,207,0.884,2750,Leu6h,0,2.524306111,-1.442949771
HEK293T-Starv1_TCGCTCTGCT,TCGCTCTGCT,J1,HEK293T-Starv1,1786,284,244,0.771823682,2314,Arg3h,0,0.26992052,-1.474338292
HEK293T-Starv1_TCGTCAGTAC,TCGTCAGTAC,M9,HEK293T-Starv1,3384,164,286,0.882629108,3834,Arg6h,0,2.92527502,-1.340228795
HEK293T-Starv1_TCTTCGTGTA,TCTTCGTGTA,N10,HEK293T-Starv1,2156,230,361,0.784856207,2747,Arg6h,0,1.700086616,-0.684694289
HEK293T-Starv1_TGAAGTCTGC,TGAAGTCTGC,G22,HEK293T-Starv1,1823,258,285,0.770498732,2366,Rich,0,0.407193593,-1.600276231
HEK293T-Starv1_TGACCGCTTC,TGACCGCTTC,P12,HEK293T-Starv1,12969,411,720,0.919787234,14100,Leu3h,2,-2.637624689,2.015605927
HEK293T-Starv1_TGAGCTACGT,TGAGCTACGT,M22,HEK293T-Starv1,4884,596,433,0.825976662,5913,Rich,0,1.42133668,-2.533786296
HEK293T-Starv1_TGATCAGTCT,TGATCAGTCT,I8,HEK293T-Starv1,12057,797,1129,0.862261317,13983,Arg6h,0,4.160046868,-0.35949254
HEK293T-Starv1_TGCAATTGGC,TGCAATTGGC,I18,HEK293T-Starv1,9274,551,695,0.881558935,10520,Leu6h,1,-3.546435781,-0.844280004
HEK293T-Starv1_TGCATTGGTT,TGCATTGGTT,N4,HEK293T-Starv1,3071,253,347,0.836556797,3671,Arg3h,3,-2.28781385,-2.271905422
HEK293T-Starv1_TGCCAGTATT,TGCCAGTATT,D2,HEK293T-Starv1,7483,496,657,0.866489115,8636,Arg3h,0,4.427953057,0.460754991
HEK293T-Starv1_TGCCGTTAGC,TGCCGTTAGC,M10,HEK293T-Starv1,11518,856,879,0.869086245,13253,Arg6h,0,4.761926464,-0.296511769
HEK293T-Starv1_TGCGGTCCTT,TGCGGTCCTT,O16,HEK293T-Starv1,9918,790,720,0.867868393,11428,Leu6h,0,2.064253799,1.785989747
HEK293T-Starv1_TGCTAGCGGT,TGCTAGCGGT,K13,HEK293T-Starv1,12746,539,912,0.897795309,14197,Leu3h,2,-2.256594129,1.620383852
HEK293T-Starv1_TGCTCACGCA,TGCTCACGCA,B15,HEK293T-Starv1,2227,285,332,0.783052039,2844,Leu3h,3,-1.052676149,-0.794134139
HEK293T-Starv1_TGGAACCACG,TGGAACCACG,O23,HEK293T-Starv1,5668,183,274,0.925387755,6125,Rich,1,-3.250043817,0.520556212
HEK293T-Starv1_TGGAACGTAG,TGGAACGTAG,J22,HEK293T-Starv1,3023,293,471,0.798257196,3787,Rich,0,1.225668691,-2.380485534
HEK293T-Starv1_TGGAAGCAGA,TGGAAGCAGA,K15,HEK293T-Starv1,11556,894,829,0.870246253,13279,Leu3h,1,-4.587364145,-1.119248628
HEK293T-Starv1_TGGATGCCAG,TGGATGCCAG,G7,HEK293T-Starv1,6601,285,628,0.878493479,7514,Arg6h,0,5.202013544,1.56485127
HEK293T-Starv1_TGGCAGTGTC,TGGCAGTGTC,P9,HEK293T-Starv1,18970,1042,1589,0.878200083,21601,Arg6h,0,3.576783709,1.83780405
HEK293T-Starv1_TGGCATTGGA,TGGCATTGGA,D22,HEK293T-Starv1,3995,573,616,0.770640432,5184,Rich,2,-1.755899377,0.157760978
HEK293T-Starv1_TGGTCCTCGT,TGGTCCTCGT,J3,HEK293T-Starv1,13053,780,1001,0.87993798,14834,Arg3h,0,4.726165585,0.828171015
HEK293T-Starv1_TGGTGTTGAC,TGGTGTTGAC,M21,HEK293T-Starv1,13275,631,1031,0.888732677,14937,Rich,0,4.963894657,-0.793345451
HEK293T-Starv1_TGTCGTATTG,TGTCGTATTG,E3,HEK293T-Starv1,13129,738,1104,0.876962127,14971,Arg3h,1,-4.729311414,-2.041803836
HEK293T-Starv1_TGTCTTCAGA,TGTCTTCAGA,H4,HEK293T-Starv1,4962,322,449,0.865515437,5733,Arg3h,0,1.620975889,-1.432364225
HEK293T-Starv1_TGTGCTGGTG,TGTGCTGGTG,E11,HEK293T-Starv1,11073,713,753,0.883084776,12539,Leu3h,0,2.701267175,1.899059177
HEK293T-Starv1_TGTTACCGTC,TGTTACCGTC,G17,HEK293T-Starv1,13158,824,878,0.885464334,14860,Leu6h,0,4.34991055,1.776828856
HEK293T-Starv1_TGTTCAGATC,TGTTCAGATC,L21,HEK293T-Starv1,11250,340,579,0.924480237,12169,Rich,0,5.722582392,0.814792097
HEK293T-Starv1_TGTTGTCCAT,TGTTGTCCAT,K20,HEK293T-Starv1,12057,882,869,0.873189455,13808,Leu6h,0,2.92655044,1.693163053
HEK293T-Starv1_TTAACAGGTC,TTAACAGGTC,A11,HEK293T-Starv1,23856,1329,1631,0.889618138,26816,Leu3h,2,-2.849803873,2.444635332
HEK293T-Starv1_TTAATCCAGC,TTAATCCAGC,L2,HEK293T-Starv1,9913,484,713,0.892259226,11110,Arg3h,0,2.622352771,1.300318301
HEK293T-Starv1_TTAGCGTCTT,TTAGCGTCTT,C4,HEK293T-Starv1,8340,572,748,0.863354037,9660,Arg3h,2,-2.190298267,3.168021322
HEK293T-Starv1_TTATCGAGAG,TTATCGAGAG,D1,HEK293T-Starv1,10515,461,630,0.905996898,11606,Arg3h,2,-1.224337049,3.259209514
HEK293T-Starv1_TTATGCAGGA,TTATGCAGGA,M7,HEK293T-Starv1,4695,234,468,0.869927738,5397,Arg6h,0,3.613501124,-1.534485578
HEK293T-Starv1_TTCCGGCTGT,TTCCGGCTGT,H16,HEK293T-Starv1,2194,310,417,0.751112633,2921,Leu6h,3,-1.495951601,-1.339037179
HEK293T-Starv1_TTCGCGCCTA,TTCGCGCCTA,P10,HEK293T-Starv1,12027,733,1051,0.870827601,13811,Arg6h,1,-4.923291155,-0.523302316
HEK293T-Starv1_TTGAAGCGGT,TTGAAGCGGT,N5,HEK293T-Starv1,13496,714,1358,0.866906475,15568,Arg3h,0,4.658891491,-0.865808009
HEK293T-Starv1_TTGACCGTCT,TTGACCGTCT,C5,HEK293T-Starv1,9001,434,738,0.88479308,10173,Arg3h,0,4.520464711,0.006268264
HEK293T-Starv1_TTGCTCACGG,TTGCTCACGG,H9,HEK293T-Starv1,10889,604,934,0.876237225,12427,Arg6h,0,4.498537115,-0.001257061
HEK293T-Starv1_TTGGTCGCTC,TTGGTCGCTC,O8,HEK293T-Starv1,2731,279,246,0.838759214,3256,Arg6h,3,-1.702772804,-1.259168624
HEK293T-Starv2_AACAGCAATG,AACAGCAATG,B10,HEK293T-Starv2,24362,1239,2065,0.880575436,27666,Arg6h,0,5.059400133,-0.611018419
HEK293T-Starv2_AACCGTAACA,AACCGTAACA,D11,HEK293T-Starv2,29372,1539,2210,0.886808973,33121,Leu3h,0,3.969963126,1.357758791
HEK293T-Starv2_AACCTAGACG,AACCTAGACG,P5,HEK293T-Starv2,16465,1058,1528,0.864259094,19051,Arg3h,0,4.339009814,-0.142988443
HEK293T-Starv2_AACTCCGAGA,AACTCCGAGA,E14,HEK293T-Starv2,14522,808,1179,0.879641408,16509,Leu3h,1,-4.518886991,-2.600230693
HEK293T-Starv2_AACTCTACCG,AACTCTACCG,D14,HEK293T-Starv2,17893,1042,1202,0.888563341,20137,Leu3h,0,5.374956421,1.012483478
HEK293T-Starv2_AAGCTATAGC,AAGCTATAGC,D18,HEK293T-Starv2,3815,280,318,0.864491276,4413,Leu6h,1,-3.119875379,-1.38093686
HEK293T-Starv2_AAGGTTACTC,AAGGTTACTC,N18,HEK293T-Starv2,9509,368,608,0.90691464,10485,Leu6h,1,-4.160684057,-1.239560842
HEK293T-Starv2_AATATGCCAG,AATATGCCAG,A9,HEK293T-Starv2,9146,312,630,0.906621729,10088,Arg6h,1,-4.350994535,-0.380485057
HEK293T-Starv2_AATCTCGGTT,AATCTCGGTT,N7,HEK293T-Starv2,20816,831,1358,0.904846772,23005,Arg6h,0,5.050181441,1.300908328
HEK293T-Starv2_AATCTGTTGG,AATCTGTTGG,L11,HEK293T-Starv2,8760,414,569,0.899107051,9743,Leu3h,2,-2.735425897,2.854278446
HEK293T-Starv2_AATGACGCGG,AATGACGCGG,M17,HEK293T-Starv2,11442,328,677,0.919257652,12447,Leu6h,2,-2.630975195,2.184667439
HEK293T-Starv2_AATGCTCTAG,AATGCTCTAG,I19,HEK293T-Starv2,5633,493,467,0.854391021,6593,Leu6h,0,1.761322669,-1.743144035
HEK293T-Starv2_AATGGAAGAC,AATGGAAGAC,J20,HEK293T-Starv2,3742,334,337,0.847949241,4413,Leu6h,0,1.870516412,-0.368546247
HEK293T-Starv2_ACAGAGACCG,ACAGAGACCG,N13,HEK293T-Starv2,4560,364,393,0.857626481,5317,Leu3h,0,3.183343343,0.689684272
HEK293T-Starv2_ACAGATCTCA,ACAGATCTCA,I5,HEK293T-Starv2,12869,1353,1166,0.836301014,15388,Arg3h,0,2.186165146,2.142369807
HEK293T-Starv2_ACATCGGTGT,ACATCGGTGT,P23,HEK293T-Starv2,3052,323,390,0.81062417,3765,Rich,2,-1.355475851,1.270127327
HEK293T-Starv2_ACATGAGCCA,ACATGAGCCA,A12,HEK293T-Starv2,17319,719,1182,0.901092612,19220,Leu3h,2,-3.367936082,2.750433684
HEK293T-Starv2_ACCATTGTGT,ACCATTGTGT,E21,HEK293T-Starv2,37437,1308,2034,0.918046053,40779,Rich,2,-3.186161943,2.61799574
HEK293T-Starv2_ACCTGTCGCT,ACCTGTCGCT,N17,HEK293T-Starv2,15625,864,1140,0.886323671,17629,Leu6h,0,2.839076213,1.961768449
HEK293T-Starv2_ACGAACCAAG,ACGAACCAAG,C11,HEK293T-Starv2,9387,801,1233,0.821907013,11421,Leu3h,0,2.29092168,2.565643788
HEK293T-Starv2_ACGAAGCGAT,ACGAAGCGAT,H12,HEK293T-Starv2,6485,379,528,0.877299784,7392,Leu3h,0,1.970376901,0.590104581
HEK293T-Starv2_ACGCGCAACA,ACGCGCAACA,O20,HEK293T-Starv2,3283,371,381,0.813630731,4035,Leu6h,3,-1.437817522,-1.471925973
HEK293T-Starv2_ACGGACTGAG,ACGGACTGAG,B3,HEK293T-Starv2,9585,361,702,0.900169046,10648,Arg3h,2,-1.466462083,3.156352163
HEK293T-Starv2_ACGGCTTCTC,ACGGCTTCTC,C6,HEK293T-Starv2,16554,875,1293,0.884200406,18722,Arg6h,0,5.178958706,-0.535687684
HEK293T-Starv2_ACGTTGAGGT,ACGTTGAGGT,O10,HEK293T-Starv2,9034,494,794,0.875217981,10322,Arg6h,0,3.364947252,-0.39133954
HEK293T-Starv2_ACTTCACATC,ACTTCACATC,L23,HEK293T-Starv2,13146,814,1152,0.869904711,15112,Rich,2,-1.989114233,2.918251754
HEK293T-Starv2_ACTTGCGTGT,ACTTGCGTGT,L12,HEK293T-Starv2,8839,338,667,0.897907355,9844,Leu3h,2,-1.59315867,3.32173729
HEK293T-Starv2_AGAACAATCG,AGAACAATCG,N1,HEK293T-Starv2,15119,873,1337,0.872468117,17329,Arg3h,1,-5.018475481,-0.078531384
HEK293T-Starv2_AGACGAGTCT,AGACGAGTCT,K14,HEK293T-Starv2,11608,573,850,0.890798864,13031,Leu3h,1,-3.364231535,-0.83472371
HEK293T-Starv2_AGACGCAAGA,AGACGCAAGA,I23,HEK293T-Starv2,4455,494,536,0.812215132,5485,Rich,0,0.796867244,-1.502488851
HEK293T-Starv2_AGAGAGTGGT,AGAGAGTGGT,G3,HEK293T-Starv2,22138,1536,2066,0.86006216,25740,Arg3h,0,4.625652603,-0.443731307
HEK293T-Starv2_AGATGGCTTC,AGATGGCTTC,K22,HEK293T-Starv2,5506,403,431,0.868454259,6340,Rich,0,1.713478051,-2.556596755
HEK293T-Starv2_AGATGTGCGC,AGATGTGCGC,L13,HEK293T-Starv2,11873,754,890,0.878375379,13517,Leu3h,0,2.904859475,-0.991714715
HEK293T-Starv2_AGCATGGCAT,AGCATGGCAT,I2,HEK293T-Starv2,5355,418,465,0.858448221,6238,Arg3h,0,3.318647794,-1.483993291
HEK293T-Starv2_AGGCCAGTTG,AGGCCAGTTG,N14,HEK293T-Starv2,5694,284,456,0.884986012,6434,Leu3h,3,-1.387308069,-2.349007129
HEK293T-Starv2_AGTCACAACA,AGTCACAACA,K19,HEK293T-Starv2,7399,696,616,0.849385834,8711,Leu6h,0,2.39413505,0.309947491
HEK293T-Starv2_AGTCAGAAGG,AGTCAGAAGG,N22,HEK293T-Starv2,10740,410,633,0.911482644,11783,Rich,0,5.797976069,0.511468769
HEK293T-Starv2_AGTCCAGTGA,AGTCCAGTGA,C22,HEK293T-Starv2,13077,431,664,0.92273497,14172,Rich,2,-2.320471712,3.156182886
HEK293T-Starv2_AGTGACCACG,AGTGACCACG,F11,HEK293T-Starv2,7019,315,501,0.895851946,7835,Leu3h,1,-3.406514116,-2.854042053
HEK293T-Starv2_AGTGTACGGT,AGTGTACGGT,N11,HEK293T-Starv2,15394,696,1037,0.898814737,17127,Leu3h,0,4.849611334,0.992046178
HEK293T-Starv2_AGTGTTCGTG,AGTGTTCGTG,O21,HEK293T-Starv2,3539,323,281,0.854211924,4143,Rich,2,-1.899477668,0.933305801
HEK293T-Starv2_AGTTACGCAT,AGTTACGCAT,P17,HEK293T-Starv2,8813,424,683,0.888407258,9920,Leu6h,1,-3.075158067,-0.289650797
HEK293T-Starv2_AGTTATGAGG,AGTTATGAGG,H5,HEK293T-Starv2,2101,295,395,0.752776783,2791,Arg3h,3,-1.057623573,-1.925431489
HEK293T-Starv2_AGTTGTGATC,AGTTGTGATC,I10,HEK293T-Starv2,10473,594,749,0.886340555,11816,Arg6h,1,-4.396415659,-0.328407764
HEK293T-Starv2_ATAAGGTGAC,ATAAGGTGAC,J21,HEK293T-Starv2,8891,287,431,0.925278385,9609,Rich,2,-2.529347606,1.530434535
HEK293T-Starv2_ATAGGTTGGA,ATAGGTTGGA,P21,HEK293T-Starv2,16750,738,1005,0.905748121,18493,Rich,0,5.529843859,0.060786725
HEK293T-Starv2_ATCCTAACAG,ATCCTAACAG,P19,HEK293T-Starv2,3114,530,435,0.763422407,4079,Leu6h,0,0.948208026,-1.107429504
HEK293T-Starv2_ATCGAAGAGC,ATCGAAGAGC,H2,HEK293T-Starv2,14479,631,902,0.904259306,16012,Arg3h,1,-4.794818349,-2.15278244
HEK293T-Starv2_ATCTGTGAGG,ATCTGTGAGG,L9,HEK293T-Starv2,19083,542,1484,0.904021981,21109,Arg6h,0,4.718376688,0.984739721
HEK293T-Starv2_ATGAGTCTGT,ATGAGTCTGT,F14,HEK293T-Starv2,13216,636,837,0.89972088,14689,Leu3h,1,-3.979743906,-1.310763835
HEK293T-Starv2_ATGCTTGGTC,ATGCTTGGTC,C23,HEK293T-Starv2,3475,280,273,0.862711023,4028,Rich,0,0.910835527,-1.68154788
HEK293T-Starv2_ATGGCGGATT,ATGGCGGATT,G12,HEK293T-Starv2,21462,1000,1544,0.894026493,24006,Leu3h,2,-2.887381025,3.016122223
HEK293T-Starv2_ATGGTTCTCT,ATGGTTCTCT,G23,HEK293T-Starv2,5630,260,307,0.908504115,6197,Rich,2,-1.97996635,1.309033007
HEK293T-Starv2_ATGTCGTACT,ATGTCGTACT,H13,HEK293T-Starv2,24239,1107,1519,0.902252001,26865,Leu3h,2,-3.361627527,2.786854506
HEK293T-Starv2_ATTCACGCTA,ATTCACGCTA,O14,HEK293T-Starv2,6986,313,530,0.892323413,7829,Leu3h,2,-1.753403373,1.567755253
HEK293T-Starv2_ATTCCGTCCG,ATTCCGTCCG,H8,HEK293T-Starv2,12249,733,1077,0.871256846,14059,Arg6h,1,-4.999308534,-0.010331034
HEK293T-Starv2_ATTCCTCTGG,ATTCCTCTGG,J4,HEK293T-Starv2,12083,509,926,0.893845243,13518,Arg3h,1,-4.500308939,-1.941516876
HEK293T-Starv2_ATTGATGGCG,ATTGATGGCG,D20,HEK293T-Starv2,9162,645,757,0.867285119,10564,Leu6h,0,5.462005667,1.49278842
HEK293T-Starv2_CAACTGTCAT,CAACTGTCAT,L16,HEK293T-Starv2,6693,781,704,0.81841526,8178,Leu6h,0,1.8619036,-0.711708307
HEK293T-Starv2_CAAGAGGAGG,CAAGAGGAGG,G9,HEK293T-Starv2,6677,343,480,0.890266667,7500,Arg6h,1,5.046307854,-1.264047384
HEK293T-Starv2_CAATCCTAGA,CAATCCTAGA,O13,HEK293T-Starv2,18649,774,1576,0.888089909,20999,Leu3h,2,-3.940144964,1.608380929
HEK293T-Starv2_CAATTCCGTG,CAATTCCGTG,G16,HEK293T-Starv2,8684,679,715,0.861678905,10078,Leu6h,0,2.222544364,1.738991079
HEK293T-Starv2_CACAGCTATT,CACAGCTATT,B13,HEK293T-Starv2,4918,437,551,0.832712496,5906,Leu3h,0,2.28627681,1.103702725
HEK293T-Starv2_CACCGTCATA,CACCGTCATA,B4,HEK293T-Starv2,15089,1125,1242,0.864401925,17456,Arg3h,2,-0.832696624,3.226119042
HEK293T-Starv2_CACGCAAGTC,CACGCAAGTC,C12,HEK293T-Starv2,8125,419,518,0.896601192,9062,Leu3h,1,-2.983637281,-2.611327171
HEK293T-Starv2_CACGTCTACG,CACGTCTACG,C21,HEK293T-Starv2,4390,318,373,0.864003149,5081,Rich,1,-2.05911512,-0.43227291
HEK293T-Starv2_CAGACCTACG,CAGACCTACG,O22,HEK293T-Starv2,9271,938,792,0.842741569,11001,Rich,0,2.124684803,-2.423194408
HEK293T-Starv2_CAGGCCATGT,CAGGCCATGT,E5,HEK293T-Starv2,3382,358,338,0.829328102,4078,Arg3h,0,1.473707638,-0.598079919
HEK293T-Starv2_CAGTCGGAGT,CAGTCGGAGT,F13,HEK293T-Starv2,14307,1012,1259,0.86301122,16578,Leu3h,0,4.480941347,1.499779836
HEK293T-Starv2_CATCGGCACT,CATCGGCACT,E17,HEK293T-Starv2,2997,406,337,0.801336898,3740,Leu6h,0,1.035049252,-0.511095523
HEK293T-Starv2_CATGCCTGAC,CATGCCTGAC,M16,HEK293T-Starv2,8848,285,630,0.906278808,9763,Leu6h,2,-0.934641548,2.947181583
HEK293T-Starv2_CATTCAGGAG,CATTCAGGAG,G19,HEK293T-Starv2,6676,503,604,0.857766928,7783,Leu6h,0,1.862625323,1.970217229
HEK293T-Starv2_CATTGACGGC,CATTGACGGC,F16,HEK293T-Starv2,10441,585,764,0.885581001,11790,Leu6h,1,-3.320782133,-2.45724678
HEK293T-Starv2_CCAAGAGGAT,CCAAGAGGAT,J17,HEK293T-Starv2,14480,970,1055,0.877309906,16505,Leu6h,0,3.579684309,0.683015466
HEK293T-Starv2_CCAATAGATC,CCAATAGATC,E18,HEK293T-Starv2,10299,473,715,0.896578741,11487,Leu6h,0,2.810421876,0.83872068
HEK293T-Starv2_CCAATCCAGG,CCAATCCAGG,E2,HEK293T-Starv2,2401,336,363,0.774516129,3100,Arg3h,0,0.792198591,-1.647404432
HEK293T-Starv2_CCAGTGTACG,CCAGTGTACG,C14,HEK293T-Starv2,2292,375,334,0.763745418,3001,Leu3h,3,-1.502218195,-1.914877414
HEK293T-Starv2_CCGACAAGGA,CCGACAAGGA,M20,HEK293T-Starv2,9571,492,691,0.889994421,10754,Leu6h,1,-3.490136572,-2.199447154
HEK293T-Starv2_CCGTAACCTT,CCGTAACCTT,J8,HEK293T-Starv2,11796,654,830,0.888253012,13280,Arg6h,1,-4.81303782,-0.202613353
HEK293T-Starv2_CCTAGGCGAT,CCTAGGCGAT,I13,HEK293T-Starv2,18786,676,963,0.919755202,20425,Leu3h,2,-2.605486341,3.212525726
HEK293T-Starv2_CCTCATCGTT,CCTCATCGTT,P2,HEK293T-Starv2,13910,1104,929,0.872483221,15943,Arg3h,0,5.497140936,0.545301796
HEK293T-Starv2_CCTCCATTCT,CCTCCATTCT,I15,HEK293T-Starv2,12967,727,952,0.885361191,14646,Leu3h,2,-2.473813482,2.947509647
HEK293T-Starv2_CCTCCGTATC,CCTCCGTATC,G20,HEK293T-Starv2,12390,564,960,0.89047003,13914,Leu6h,1,-3.569189973,-2.180786609
HEK293T-Starv2_CCTGTCTAGA,CCTGTCTAGA,J16,HEK293T-Starv2,15198,644,1203,0.891639777,17045,Leu6h,0,4.507953934,-0.724107742
HEK293T-Starv2_CGACCAGTGT,CGACCAGTGT,D21,HEK293T-Starv2,9872,438,661,0.899826816,10971,Rich,2,-2.607060142,1.561856256
HEK293T-Starv2_CGAGACTTCA,CGAGACTTCA,L20,HEK293T-Starv2,3336,275,301,0.852760736,3912,Leu6h,0,1.902349405,1.105813325
HEK293T-Starv2_CGAGTTGCTT,CGAGTTGCTT,L22,HEK293T-Starv2,6458,473,507,0.868244152,7438,Rich,0,1.939154558,-2.551842689
HEK293T-Starv2_CGATACTGAA,CGATACTGAA,K21,HEK293T-Starv2,8154,640,687,0.860035861,9481,Rich,0,2.27916979,-2.19901061
HEK293T-Starv2_CGATGTTGAT,CGATGTTGAT,P1,HEK293T-Starv2,3610,512,431,0.792883813,4553,Arg3h,3,-1.458988376,-2.331454753
HEK293T-Starv2_CGCTAGGCTA,CGCTAGGCTA,D10,HEK293T-Starv2,12773,1152,1493,0.828447269,15418,Arg6h,1,-4.828021951,-1.127108335
HEK293T-Starv2_CGCTCTAGAT,CGCTCTAGAT,N20,HEK293T-Starv2,13013,646,945,0.891057245,14604,Leu6h,0,4.540367894,0.559431315
HEK293T-Starv2_CGCTTGTTAT,CGCTTGTTAT,C16,HEK293T-Starv2,5857,457,464,0.864119209,6778,Leu6h,0,2.996880702,-0.756359338
HEK293T-Starv2_CGGAATTCTT,CGGAATTCTT,K23,HEK293T-Starv2,23623,867,1556,0.90697228,26046,Rich,2,-3.516783662,1.362562538
HEK293T-Starv2_CGGCTGTTAG,CGGCTGTTAG,F12,HEK293T-Starv2,12611,719,783,0.893573301,14113,Leu3h,0,4.65143042,1.501277894
HEK293T-Starv2_CGTGACATTC,CGTGACATTC,D15,HEK293T-Starv2,2390,215,226,0.844224656,2831,Leu3h,3,-1.065196701,-1.046681165
HEK293T-Starv2_CGTGACGACT,CGTGACGACT,F8,HEK293T-Starv2,17352,1036,1304,0.881170018,19692,Arg6h,0,4.933487944,-0.118918776
HEK293T-Starv2_CGTGTTACCG,CGTGTTACCG,G21,HEK293T-Starv2,15986,641,984,0.907728124,17611,Rich,2,-3.319649645,1.425398917
HEK293T-Starv2_CGTTCTGGTA,CGTTCTGGTA,F15,HEK293T-Starv2,4435,438,424,0.837266377,5297,Leu3h,3,-1.909257837,-2.046713352
HEK293T-Starv2_CGTTGTTGCG,CGTTGTTGCG,H22,HEK293T-Starv2,4437,305,377,0.866770854,5119,Rich,2,-2.237871833,1.276038111
HEK293T-Starv2_CTAATCGCGG,CTAATCGCGG,E15,HEK293T-Starv2,27602,2868,1910,0.852439778,32380,Leu3h,0,4.918653302,1.927236468
HEK293T-Starv2_CTATCGCGCT,CTATCGCGCT,O17,HEK293T-Starv2,7784,488,582,0.879150666,8854,Leu6h,0,3.029268197,-0.182572364
HEK293T-Starv2_CTATGGACTT,CTATGGACTT,E23,HEK293T-Starv2,7845,592,643,0.863986784,9080,Rich,2,-1.636601396,2.618687213
HEK293T-Starv2_CTCCAATATG,CTCCAATATG,E20,HEK293T-Starv2,10998,2033,1242,0.770545786,14273,Leu6h,0,2.078325979,1.984591276
HEK293T-Starv2_CTCCTAATCT,CTCCTAATCT,J12,HEK293T-Starv2,16631,670,1080,0.904792993,18381,Leu3h,1,-4.762601801,-0.958644151
HEK293T-Starv2_CTCTAGCCGT,CTCTAGCCGT,O3,HEK293T-Starv2,5909,270,713,0.857370865,6892,Arg3h,2,-2.635243364,0.83555007
HEK293T-Starv2_CTCTATAGCT,CTCTATAGCT,G6,HEK293T-Starv2,4715,242,271,0.901874522,5228,Arg6h,1,-2.892314382,-1.941292047
HEK293T-Starv2_CTGAGTCCTT,CTGAGTCCTT,B6,HEK293T-Starv2,9230,861,709,0.85462963,10800,Arg6h,0,4.73970323,-0.921814203
HEK293T-Starv2_CTGATCTTGT,CTGATCTTGT,O6,HEK293T-Starv2,3739,149,287,0.895568862,4175,Arg6h,0,3.345846705,1.36719069
HEK293T-Starv2_CTGATTAGTG,CTGATTAGTG,M23,HEK293T-Starv2,18352,772,1009,0.911538271,20133,Rich,2,-3.542778917,1.563616783
HEK293T-Starv2_CTGCATAGCA,CTGCATAGCA,K10,HEK293T-Starv2,14734,2267,1250,0.80729823,18251,Arg6h,2,-1.976217218,2.679286719
HEK293T-Starv2_CTGCGTCGAA,CTGCGTCGAA,J11,HEK293T-Starv2,21223,1105,1389,0.894843361,23717,Leu3h,0,4.039172224,1.587342293
HEK293T-Starv2_CTGTTCTACG,CTGTTCTACG,A2,HEK293T-Starv2,14322,877,1153,0.875856164,16352,Arg3h,0,4.056148819,0.196547509
HEK293T-Starv2_CTTCTTGCGT,CTTCTTGCGT,M11,HEK293T-Starv2,3829,417,339,0.835114504,4585,Leu3h,3,-1.84692616,-2.534221648
HEK293T-Starv2_CTTGGTATGA,CTTGGTATGA,D12,HEK293T-Starv2,3344,435,406,0.799044205,4185,Leu3h,3,-1.63916225,-1.355896234
HEK293T-Starv2_CTTGGTGGAG,CTTGGTGGAG,O19,HEK293T-Starv2,1796,289,259,0.766211604,2344,Leu6h,3,-0.292977281,-1.619209766
HEK293T-Starv2_GAACGTTGTT,GAACGTTGTT,O15,HEK293T-Starv2,9819,357,670,0.905310714,10846,Leu3h,1,-3.630035825,-2.807370662
HEK293T-Starv2_GAAGACTTAG,GAAGACTTAG,I6,HEK293T-Starv2,26806,1105,1917,0.898685799,29828,Arg6h,1,-4.416067072,0.937208176
HEK293T-Starv2_GACAGGACAG,GACAGGACAG,F7,HEK293T-Starv2,12028,936,1294,0.843596577,14258,Arg6h,0,3.458481364,0.040896416
HEK293T-Starv2_GACCGTAGAT,GACCGTAGAT,L1,HEK293T-Starv2,2725,464,393,0.760748185,3582,Arg3h,3,-0.873938509,-0.88796091
HEK293T-Starv2_GACGATAGTG,GACGATAGTG,O2,HEK293T-Starv2,18059,817,1415,0.890000493,20291,Arg3h,0,3.419290833,2.205602885
HEK293T-Starv2_GACGTTACTT,GACGTTACTT,I3,HEK293T-Starv2,19952,1241,1572,0.876433121,22765,Arg3h,0,2.843299322,2.560793102
HEK293T-Starv2_GACTCTGGTT,GACTCTGGTT,L18,HEK293T-Starv2,12732,705,816,0.893285624,14253,Leu6h,1,-4.121564813,-1.891238927
HEK293T-Starv2_GACTGCGTTA,GACTGCGTTA,D7,HEK293T-Starv2,15510,1074,1674,0.849490634,18258,Arg6h,0,4.541513256,-1.183808326
HEK293T-Starv2_GACTGTACGG,GACTGTACGG,P16,HEK293T-Starv2,10075,477,717,0.894045612,11269,Leu6h,0,4.971864752,1.584011757
HEK293T-Starv2_GAGCCTGCTT,GAGCCTGCTT,K5,HEK293T-Starv2,16187,1136,1362,0.866309874,18685,Arg3h,0,4.244694285,0.470686794
HEK293T-Starv2_GAGCTGGAAT,GAGCTGGAAT,I21,HEK293T-Starv2,17290,661,1018,0.911487163,18969,Rich,0,5.693338446,1.143601418
HEK293T-Starv2_GAGGATGGAT,GAGGATGGAT,K12,HEK293T-Starv2,21393,771,1326,0.910727969,23490,Leu3h,1,-4.247548528,0.975630105
HEK293T-Starv2_GAGTAACGTG,GAGTAACGTG,J13,HEK293T-Starv2,21348,961,1527,0.89562007,23836,Leu3h,2,-2.300008722,3.131114126
HEK293T-Starv2_GAGTGTCTAG,GAGTGTCTAG,E4,HEK293T-Starv2,2003,275,288,0.780592362,2566,Arg3h,3,-0.868739315,-0.62069559
HEK293T-Starv2_GAGTTGTTCA,GAGTTGTTCA,G15,HEK293T-Starv2,22100,1281,1513,0.88776412,24894,Leu3h,0,2.803271822,2.376145662
HEK293T-Starv2_GCAATTGTGG,GCAATTGTGG,N12,HEK293T-Starv2,5485,372,404,0.876058138,6261,Leu3h,0,2.402508311,-0.747309446
HEK293T-Starv2_GCACCACCAT,GCACCACCAT,F23,HEK293T-Starv2,5493,215,302,0.913976705,6010,Rich,2,-2.108128973,2.722567559
HEK293T-Starv2_GCACCATGAA,GCACCATGAA,H7,HEK293T-Starv2,11288,571,800,0.891697606,12659,Arg6h,1,-3.992106863,-0.977758407
HEK293T-Starv2_GCAGCGTTAG,GCAGCGTTAG,H18,HEK293T-Starv2,3788,520,427,0.8,4735,Leu6h,3,-1.946589656,-1.269718408
HEK293T-Starv2_GCAGTGAAGT,GCAGTGAAGT,O9,HEK293T-Starv2,12465,603,1040,0.883541253,14108,Arg6h,1,-4.707836576,-1.557452916
HEK293T-Starv2_GCATAACGGC,GCATAACGGC,K4,HEK293T-Starv2,5970,457,504,0.861347569,6931,Arg3h,0,4.121635489,-1.337246179
HEK293T-Starv2_GCATTATAGG,GCATTATAGG,H21,HEK293T-Starv2,23714,968,1409,0.908895788,26091,Rich,0,5.57561069,1.385981262
HEK293T-Starv2_GCCAATACAT,GCCAATACAT,K16,HEK293T-Starv2,12625,576,833,0.899600969,14034,Leu6h,1,-4.28298945,-2.516628742
HEK293T-Starv2_GCCATAGAAT,GCCATAGAAT,I4,HEK293T-Starv2,20384,1278,2002,0.861392833,23664,Arg3h,0,5.013244919,-0.462447166
HEK293T-Starv2_GCGATGCCAA,GCGATGCCAA,H11,HEK293T-Starv2,20563,1091,1583,0.884924904,23237,Leu3h,1,-4.273178526,-2.834627151
HEK293T-Starv2_GCGCTAGAGA,GCGCTAGAGA,H10,HEK293T-Starv2,4558,672,482,0.797969188,5712,Arg6h,0,2.116434626,0.245270491
HEK293T-Starv2_GCGTGAGCAT,GCGTGAGCAT,M3,HEK293T-Starv2,5359,691,679,0.796403626,6729,Arg3h,3,-2.27966208,-1.591105699
HEK293T-Starv2_GCTACAACGA,GCTACAACGA,G14,HEK293T-Starv2,10662,739,829,0.871790679,12230,Leu3h,2,-1.144306846,3.108374
HEK293T-Starv2_GCTATTGAAG,GCTATTGAAG,A21,HEK293T-Starv2,4806,494,512,0.826909842,5812,Rich,0,1.073925696,-1.679694413
HEK293T-Starv2_GCTGCTAATA,GCTGCTAATA,F17,HEK293T-Starv2,3617,369,274,0.849061033,4260,Leu6h,3,-1.829259105,-1.613919257
HEK293T-Starv2_GCTGGAGAAG,GCTGGAGAAG,C13,HEK293T-Starv2,7339,465,598,0.873482504,8402,Leu3h,1,-3.438103147,-2.667403697
HEK293T-Starv2_GTAACGTTCA,GTAACGTTCA,C17,HEK293T-Starv2,1759,334,252,0.75010661,2345,Leu6h,3,-0.781897493,-1.220448016
HEK293T-Starv2_GTAAGGTAGT,GTAAGGTAGT,O12,HEK293T-Starv2,6539,300,523,0.888209726,7362,Leu3h,0,4.482220225,0.568063856
HEK293T-Starv2_GTACTCCGTC,GTACTCCGTC,J15,HEK293T-Starv2,4092,110,199,0.929788684,4401,Leu3h,2,-1.599679418,2.079695076
HEK293T-Starv2_GTACTCTCTA,GTACTCTCTA,E13,HEK293T-Starv2,11115,534,828,0.890839144,12477,Leu3h,1,-3.225230165,-0.668489456
HEK293T-Starv2_GTATAGCGTC,GTATAGCGTC,E1,HEK293T-Starv2,22771,956,1478,0.903431859,25205,Arg3h,0,5.314432196,0.773374081
HEK293T-Starv2_GTCGTGAATC,GTCGTGAATC,A1,HEK293T-Starv2,4780,790,734,0.758248731,6304,Arg3h,0,2.133069865,-1.831840038
HEK293T-Starv2_GTCTGATCCG,GTCTGATCCG,N16,HEK293T-Starv2,3995,610,534,0.777388597,5139,Leu6h,3,-1.136039682,-1.63117814
HEK293T-Starv2_GTCTGCGTAG,GTCTGCGTAG,L6,HEK293T-Starv2,9272,242,798,0.899146625,10312,Arg6h,2,-1.577651926,2.755810261
HEK293T-Starv2_GTCTTGGAAT,GTCTTGGAAT,M19,HEK293T-Starv2,7972,546,856,0.85043738,9374,Leu6h,1,-3.328131147,-0.96999669
HEK293T-Starv2_GTGATTGTTC,GTGATTGTTC,O18,HEK293T-Starv2,9901,513,707,0.890297635,11121,Leu6h,1,-4.203678556,-1.568404435
HEK293T-Starv2_GTGCTAGATC,GTGCTAGATC,P4,HEK293T-Starv2,12396,360,1217,0.887139483,13973,Arg3h,2,-3.539426275,2.384085596
HEK293T-Starv2_GTGGACTGTC,GTGGACTGTC,P13,HEK293T-Starv2,15653,936,1146,0.882605018,17735,Leu3h,2,-3.109131761,2.7322886
HEK293T-Starv2_GTGGTCAATT,GTGGTCAATT,P8,HEK293T-Starv2,3735,311,287,0.861989384,4333,Arg6h,1,-3.674154707,-0.379567622
HEK293T-Starv2_GTGTTCACGT,GTGTTCACGT,I12,HEK293T-Starv2,11410,519,931,0.887247278,12860,Leu3h,2,-2.235698887,2.317358733
HEK293T-Starv2_GTTAGCACAA,GTTAGCACAA,O4,HEK293T-Starv2,8155,571,722,0.863145639,9448,Arg3h,1,-4.113438554,-0.244843721
HEK293T-Starv2_GTTCAGTAGA,GTTCAGTAGA,K6,HEK293T-Starv2,4804,456,518,0.83142956,5778,Arg6h,3,-2.720555254,-1.30090475
HEK293T-Starv2_GTTCATTGCG,GTTCATTGCG,N2,HEK293T-Starv2,9676,249,572,0.921787177,10497,Arg3h,0,5.583961062,0.394698263
HEK293T-Starv2_GTTCTAATGG,GTTCTAATGG,D5,HEK293T-Starv2,2243,288,332,0.78344394,2863,Arg3h,3,-1.502449937,-1.295871972
HEK293T-Starv2_GTTCTATGTC,GTTCTATGTC,N19,HEK293T-Starv2,12379,598,858,0.894759668,13835,Leu6h,1,-4.694406458,-1.776158332
HEK293T-Starv2_TAAGCCTCTA,TAAGCCTCTA,M13,HEK293T-Starv2,14692,699,1128,0.889400085,16519,Leu3h,1,-3.353938051,-2.650481223
HEK293T-Starv2_TACCAGAGAT,TACCAGAGAT,F3,HEK293T-Starv2,14820,885,1483,0.862229462,17188,Arg3h,0,4.295425944,1.119002403
HEK293T-Starv2_TACTCGTAAG,TACTCGTAAG,L8,HEK293T-Starv2,19637,1319,1713,0.866249063,22669,Arg6h,0,4.167010359,-0.111983537
HEK293T-Starv2_TAGAAGCCAT,TAGAAGCCAT,A4,HEK293T-Starv2,5358,372,460,0.865589661,6190,Arg3h,0,3.834762387,-1.461486577
HEK293T-Starv2_TAGAGTGTCT,TAGAGTGTCT,P14,HEK293T-Starv2,12294,555,848,0.897568811,13697,Leu3h,1,-3.932410665,-2.164083957
HEK293T-Starv2_TAGGTGCTAT,TAGGTGCTAT,M15,HEK293T-Starv2,18701,973,1158,0.897705453,20832,Leu3h,0,4.732224516,1.417842776
HEK293T-Starv2_TAGTGAGTCG,TAGTGAGTCG,F1,HEK293T-Starv2,22886,1224,1662,0.888018004,25772,Arg3h,0,3.274747543,2.500913442
HEK293T-Starv2_TATCTTCTCG,TATCTTCTCG,K18,HEK293T-Starv2,18043,846,1303,0.893571712,20192,Leu6h,1,-4.038021036,-1.776403426
HEK293T-Starv2_TCAAGATGCG,TCAAGATGCG,P22,HEK293T-Starv2,7115,433,527,0.881114551,8075,Rich,2,-1.894091077,3.049825431
HEK293T-Starv2_TCAATTGACG,TCAATTGACG,I22,HEK293T-Starv2,6118,962,691,0.787286064,7771,Rich,2,-1.460870453,0.929366291
HEK293T-Starv2_TCACCGACTA,TCACCGACTA,G1,HEK293T-Starv2,7492,905,754,0.818708338,9151,Arg3h,2,-1.949260183,2.229233683
HEK293T-Starv2_TCACGGATGA,TCACGGATGA,J18,HEK293T-Starv2,5694,378,555,0.859212313,6627,Leu6h,1,-2.867082067,-0.911345004
HEK293T-Starv2_TCAGAGGCAC,TCAGAGGCAC,D9,HEK293T-Starv2,6505,529,496,0.863877822,7530,Arg6h,1,-3.224159666,-1.379570245
HEK293T-Starv2_TCATCGTCTG,TCATCGTCTG,B17,HEK293T-Starv2,16255,985,1162,0.883327899,18402,Leu6h,0,3.853225283,0.757576526
HEK293T-Starv2_TCCAACACCG,TCCAACACCG,I11,HEK293T-Starv2,17241,819,1244,0.893130957,19304,Leu3h,2,-3.221268125,2.535506905
HEK293T-Starv2_TCCGATGGTT,TCCGATGGTT,P20,HEK293T-Starv2,12873,544,838,0.903051561,14255,Leu6h,0,3.302698783,1.203726322
HEK293T-Starv2_TCCGTGTTGC,TCCGTGTTGC,B11,HEK293T-Starv2,6792,827,670,0.819399204,8289,Leu3h,0,1.870120637,1.983301461
HEK293T-Starv2_TCCTACCATA,TCCTACCATA,N3,HEK293T-Starv2,13274,464,1174,0.890155579,14912,Arg3h,2,-3.448964067,2.555317224
HEK293T-Starv2_TCGATGATCG,TCGATGATCG,F18,HEK293T-Starv2,2224,339,339,0.766368022,2902,Leu6h,3,-0.184048839,-1.405068635
HEK293T-Starv2_TCGCTCTGCT,TCGCTCTGCT,J1,HEK293T-Starv2,9841,648,874,0.866056499,11363,Arg3h,0,4.8613699,-1.38234806
HEK293T-Starv2_TCTCACTCTA,TCTCACTCTA,L14,HEK293T-Starv2,16424,836,1214,0.889033236,18474,Leu3h,1,-4.409892984,-1.518615484
HEK293T-Starv2_TCTCCTGGTT,TCTCCTGGTT,I1,HEK293T-Starv2,5194,532,607,0.820148429,6333,Arg3h,1,-2.979194589,-1.605808496
HEK293T-Starv2_TCTGTATGGT,TCTGTATGGT,H14,HEK293T-Starv2,15113,807,1062,0.889942292,16982,Leu3h,1,-4.479475446,-2.508506774
HEK293T-Starv2_TCTTATCCGG,TCTTATCCGG,I14,HEK293T-Starv2,12509,552,825,0.900835374,13886,Leu3h,0,3.834757141,-0.510926723
HEK293T-Starv2_TGAAGATGGA,TGAAGATGGA,J10,HEK293T-Starv2,16677,860,1481,0.876906089,19018,Arg6h,1,-4.777445264,-0.572210788
HEK293T-Starv2_TGACCGCTTC,TGACCGCTTC,P12,HEK293T-Starv2,13772,635,989,0.894518057,15396,Leu3h,2,-3.651478239,1.958577485
HEK293T-Starv2_TGACGCTTAG,TGACGCTTAG,P18,HEK293T-Starv2,11781,464,863,0.898764114,13108,Leu6h,2,-2.613377758,2.201138467
HEK293T-Starv2_TGAGCTACGT,TGAGCTACGT,M22,HEK293T-Starv2,4666,378,458,0.848055253,5502,Rich,0,1.739832364,-2.176895141
HEK293T-Starv2_TGCAATTGGC,TGCAATTGGC,I18,HEK293T-Starv2,5908,489,458,0.861852662,6855,Leu6h,0,2.269694857,0.988846482
HEK293T-Starv2_TGCATTGGTT,TGCATTGGTT,N4,HEK293T-Starv2,8528,618,838,0.854166667,9984,Arg3h,0,4.819480233,-1.419843673
HEK293T-Starv2_TGCCAGTATT,TGCCAGTATT,D2,HEK293T-Starv2,3330,362,417,0.81041616,4109,Arg3h,0,2.174336366,-0.88392806
HEK293T-Starv2_TGCCGTTAGC,TGCCGTTAGC,M10,HEK293T-Starv2,9271,430,771,0.885313216,10472,Arg6h,0,4.412393383,-0.28336358
HEK293T-Starv2_TGCGAAGTGA,TGCGAAGTGA,B12,HEK293T-Starv2,4379,565,664,0.780848787,5608,Leu3h,0,1.631197191,-1.19214797
HEK293T-Starv2_TGCTAGCGGT,TGCTAGCGGT,K13,HEK293T-Starv2,3214,328,429,0.809367917,3971,Leu3h,3,-1.508807607,-1.616327047
HEK293T-Starv2_TGCTCACGCA,TGCTCACGCA,B15,HEK293T-Starv2,5663,645,628,0.816464821,6936,Leu3h,2,-1.18550057,1.42178765
HEK293T-Starv2_TGGAACCACG,TGGAACCACG,O23,HEK293T-Starv2,4865,295,361,0.881180945,5521,Rich,0,1.841295354,-2.321485519
HEK293T-Starv2_TGGAACGTAG,TGGAACGTAG,J22,HEK293T-Starv2,16116,662,977,0.907687975,17755,Rich,2,-2.597910114,2.451353431
HEK293T-Starv2_TGGAAGCAGA,TGGAAGCAGA,K15,HEK293T-Starv2,4135,401,490,0.822721846,5026,Leu3h,0,2.11685913,-0.71817255
HEK293T-Starv2_TGGATGCCAG,TGGATGCCAG,G7,HEK293T-Starv2,15553,853,1245,0.881139879,17651,Arg6h,1,-4.105266519,-2.42051649
HEK293T-Starv2_TGGCATTGGA,TGGCATTGGA,D22,HEK293T-Starv2,12767,557,778,0.905332577,14102,Rich,2,-3.064714857,2.04607758
HEK293T-Starv2_TGGTCCTCGT,TGGTCCTCGT,J3,HEK293T-Starv2,4559,325,406,0.861814745,5290,Arg3h,2,-2.495779701,0.473858715
HEK293T-Starv2_TGGTGCCAAC,TGGTGCCAAC,N21,HEK293T-Starv2,2695,251,353,0.816914216,3299,Rich,0,1.26230061,-1.875289201
HEK293T-Starv2_TGGTTGGTAC,TGGTTGGTAC,K11,HEK293T-Starv2,15837,649,1031,0.904093167,17517,Leu3h,1,-4.397375532,-2.353975772
HEK293T-Starv2_TGTAGATCCG,TGTAGATCCG,D13,HEK293T-Starv2,3868,595,534,0.774064439,4997,Leu3h,0,1.191067226,-1.62017846
HEK293T-Starv2_TGTCACCTTA,TGTCACCTTA,K3,HEK293T-Starv2,12075,644,646,0.903479237,13365,Arg3h,0,4.389611534,1.164990843
HEK293T-Starv2_TGTCCGTAGG,TGTCCGTAGG,A14,HEK293T-Starv2,13062,1171,1181,0.847411444,15414,Leu3h,1,-5.013589807,-0.487925529
HEK293T-Starv2_TGTCTTCAGA,TGTCTTCAGA,H4,HEK293T-Starv2,6321,396,660,0.856852379,7377,Arg3h,1,-4.871274896,-0.233388185
HEK293T-Starv2_TGTGCTGGTG,TGTGCTGGTG,E11,HEK293T-Starv2,13352,463,843,0.910901897,14658,Leu3h,1,-4.32569737,-2.700630664
HEK293T-Starv2_TGTGGATTAG,TGTGGATTAG,K17,HEK293T-Starv2,12151,442,879,0.901944774,13472,Leu6h,2,-1.540149875,3.237365843
HEK293T-Starv2_TGTTACCGTC,TGTTACCGTC,G17,HEK293T-Starv2,8253,643,639,0.865547981,9535,Leu6h,0,2.439292364,0.571720362
HEK293T-Starv2_TTAATCCAGC,TTAATCCAGC,L2,HEK293T-Starv2,8176,232,661,0.901532694,9069,Arg3h,0,4.276834778,-0.732958793
HEK293T-Starv2_TTAGCGTCTT,TTAGCGTCTT,C4,HEK293T-Starv2,11610,866,954,0.864482502,13430,Arg3h,2,-1.089372583,3.150912405
HEK293T-Starv2_TTATGCAGGA,TTATGCAGGA,M7,HEK293T-Starv2,7299,412,497,0.889254386,8208,Arg6h,0,3.601263813,-0.363839864
HEK293T-Starv2_TTCATCCGTG,TTCATCCGTG,G11,HEK293T-Starv2,17691,976,1267,0.88747868,19934,Leu3h,0,4.057154946,1.230396242
HEK293T-Starv2_TTCCGGCTGT,TTCCGGCTGT,H16,HEK293T-Starv2,3659,518,442,0.792162806,4619,Leu6h,0,1.990969471,-0.614043235
HEK293T-Starv2_TTCGCCTTAG,TTCGCCTTAG,J7,HEK293T-Starv2,4942,340,448,0.862478185,5730,Arg6h,3,-2.111411281,-1.308178186
HEK293T-Starv2_TTCGCGCCTA,TTCGCGCCTA,P10,HEK293T-Starv2,9837,465,797,0.886296063,11099,Arg6h,1,-4.645090528,0.217184902
HEK293T-Starv2_TTCTACCTGT,TTCTACCTGT,H1,HEK293T-Starv2,3941,497,608,0.781014665,5046,Arg3h,3,-2.085300155,-1.880134343
HEK293T-Starv2_TTGACCGTCT,TTGACCGTCT,C5,HEK293T-Starv2,11975,729,799,0.886839961,13503,Arg3h,0,3.562256626,-0.370940208
HEK293T-Starv2_TTGGACGGAA,TTGGACGGAA,F2,HEK293T-Starv2,13027,804,1009,0.877830189,14840,Arg3h,1,-4.205435701,-2.297931909
HEK293T-Starv2_TTGGTGTGTC,TTGGTGTGTC,D23,HEK293T-Starv2,13080,569,862,0.901385156,14511,Rich,0,5.624189906,1.16575259
HEK293T-Starv2_TTGTCTCTAC,TTGTCTCTAC,H15,HEK293T-Starv2,8373,886,820,0.830737176,10079,Leu3h,0,1.595793061,1.97201568
HEK293T-Starv2_TTGTTCGTGT,TTGTTCGTGT,B2,HEK293T-Starv2,2101,232,447,0.755755396,2780,Arg3h,1,-2.82575316,-1.412277459
